{"cameraMode":{"drawMode":0,"name":"Shaded","section":"Shading Mode"},"sceneLighting":false,"audioPlay":false,"sceneViewState":{"showFog":true,"showMaterialUpdate":false,"showSkybox":true,"showFlares":true,"showImageEffects":true,"showParticleSystems":true},"in2DMode":false,"pivot":{"x":0.6765694618225098,"y":0.6505675315856934,"z":2.508571147918701},"rotation":{"x":-0.2965773642063141,"y":0.16764609515666963,"z":-0.0529206283390522,"w":-0.9387379884719849},"size":7.484582901000977,"orthographic":false}