{"cameraMode":{"drawMode":0,"name":"Shaded","section":"Shading Mode"},"sceneLighting":false,"audioPlay":false,"sceneViewState":{"showFog":true,"showMaterialUpdate":false,"showSkybox":true,"showFlares":true,"showImageEffects":true,"showParticleSystems":true},"in2DMode":false,"pivot":{"x":3.40252947807312,"y":1.6335475444793702,"z":0.355574369430542},"rotation":{"x":-0.11460874229669571,"y":0.3824980556964874,"z":-0.04781653359532356,"w":-0.9156126379966736},"size":3.7722508907318117,"orthographic":false}