{"cameraMode":{"drawMode":0,"name":"Shaded","section":"Shading Mode"},"sceneLighting":false,"audioPlay":false,"sceneViewState":{"showFog":true,"showMaterialUpdate":false,"showSkybox":true,"showFlares":true,"showImageEffects":true,"showParticleSystems":true},"in2DMode":false,"pivot":{"x":3.4047181606292726,"y":2.69187593460083,"z":0.6085926294326782},"rotation":{"x":-0.39685502648353579,"y":0.2813187837600708,"z":-0.12914805114269257,"w":-0.8641514778137207},"size":3.7722508907318117,"orthographic":false}